timestamp,sample_index,temperature,humidity
2026-07-15 21:14:54,1,28.4,37.2
2026-07-15 21:15:04,2,28.8,36.1
2026-07-15 21:15:14,3,28.9,36.1
2026-07-15 21:15:24,4,28.9,36.0
2026-07-15 21:15:34,5,28.9,36.0
2026-07-15 21:15:44,6,28.9,36.0
2026-07-15 21:15:54,7,28.9,36.0
2026-07-15 21:16:04,8,28.9,36.0
2026-07-15 21:16:14,9,28.9,36.0
2026-07-15 21:16:24,10,28.9,36.0
2026-07-15 21:16:34,11,28.9,35.9
2026-07-15 21:16:44,12,28.9,35.9
2026-07-15 21:16:54,13,28.9,35.9
2026-07-15 21:17:04,14,28.9,35.9
2026-07-15 21:17:14,15,28.9,35.9
2026-07-15 21:17:24,16,28.9,35.9
2026-07-15 21:17:34,17,28.9,35.9
2026-07-15 21:17:44,18,28.9,35.8
2026-07-15 21:17:54,19,28.9,35.9
2026-07-15 21:18:04,20,28.9,35.9
2026-07-15 21:18:14,21,28.9,35.9
2026-07-15 21:18:24,22,28.9,35.9
2026-07-15 21:18:34,23,28.9,35.9
2026-07-15 21:18:44,24,28.9,35.9
2026-07-15 21:18:54,25,28.9,35.9
2026-07-15 21:19:04,26,28.9,35.9
2026-07-15 21:19:14,27,28.9,35.9
2026-07-15 21:19:24,28,28.9,35.9
2026-07-15 21:19:34,29,28.9,35.9
2026-07-15 21:19:44,30,28.9,35.9
2026-07-15 21:19:54,31,29.0,35.9
2026-07-15 21:20:04,32,28.9,35.9
2026-07-15 21:20:14,33,29.0,35.9
2026-07-15 21:20:24,34,29.0,35.9
2026-07-15 21:20:34,35,29.0,35.9
2026-07-15 21:20:44,36,29.0,35.8
2026-07-15 21:20:54,37,29.0,35.9
2026-07-15 21:21:04,38,29.0,35.8
2026-07-15 21:21:14,39,29.0,35.8
2026-07-15 21:21:24,40,29.0,35.8
2026-07-15 21:21:34,41,29.0,35.8
2026-07-15 21:21:44,42,29.0,35.8
2026-07-15 21:21:54,43,29.0,35.8
2026-07-15 21:22:04,44,29.0,35.8
2026-07-15 21:22:14,45,29.0,35.8
2026-07-15 21:22:24,46,29.0,35.8
2026-07-15 21:22:37,47,29.0,35.8
2026-07-15 21:22:47,48,29.0,35.8
2026-07-15 21:22:57,49,29.0,35.8
2026-07-15 21:23:07,50,29.1,35.8
2026-07-15 21:23:17,51,29.1,35.9
2026-07-15 21:23:29,52,29.1,35.9
2026-07-15 21:23:39,53,29.1,35.8
2026-07-15 21:23:49,54,29.1,35.9
2026-07-15 21:23:59,55,29.1,35.8
2026-07-15 21:24:09,56,29.1,35.8
2026-07-15 21:24:19,57,29.1,35.8
2026-07-15 21:24:29,58,29.1,35.8
2026-07-15 21:24:39,59,29.1,35.8
2026-07-15 21:24:49,60,29.1,35.8
2026-07-15 21:24:59,61,29.1,35.8
2026-07-15 21:25:09,62,29.1,35.8
2026-07-15 21:25:21,63,29.1,35.8
2026-07-15 21:25:31,64,29.1,35.8
2026-07-15 21:25:41,65,29.1,35.8
2026-07-15 21:25:51,66,29.2,35.8
2026-07-15 21:26:01,67,29.1,35.8
2026-07-15 21:26:11,68,29.1,35.8
2026-07-15 21:26:21,69,29.2,35.8
2026-07-15 21:26:31,70,29.2,35.8
2026-07-15 21:26:41,71,29.2,35.8
2026-07-15 21:26:51,72,29.2,35.9
2026-07-15 21:27:01,73,29.2,35.9
2026-07-15 21:27:11,74,29.2,35.9
2026-07-15 21:27:21,75,29.2,35.9
2026-07-15 21:27:31,76,29.2,35.9
2026-07-15 21:27:41,77,29.2,35.9
2026-07-15 21:27:51,78,29.2,35.9
2026-07-15 21:28:01,79,29.3,35.8
2026-07-15 21:28:11,80,29.2,35.8
2026-07-15 21:28:21,81,29.2,35.8
2026-07-15 21:28:31,82,29.3,35.8
2026-07-15 21:28:41,83,29.3,35.8
2026-07-15 21:28:51,84,29.3,35.8
2026-07-15 21:29:01,85,29.3,35.8
2026-07-15 21:29:11,86,29.3,35.8
2026-07-15 21:29:21,87,29.3,35.7
2026-07-15 21:29:31,88,29.3,35.7
2026-07-15 21:29:41,89,29.3,35.8
2026-07-15 21:29:51,90,29.3,35.8
2026-07-15 21:30:01,91,29.3,35.8
2026-07-15 21:30:11,92,29.3,35.7
2026-07-15 21:30:21,93,29.3,35.7
2026-07-15 21:30:31,94,29.3,35.8
2026-07-15 21:30:41,95,29.3,35.8
2026-07-15 21:30:51,96,29.3,35.8
2026-07-15 21:31:01,97,29.3,35.9
2026-07-15 21:31:11,98,29.3,35.9
2026-07-15 21:31:21,99,29.3,35.9
2026-07-15 21:31:31,100,29.3,35.8
2026-07-15 21:31:41,101,29.3,35.8
2026-07-15 21:31:51,102,29.3,35.8
2026-07-15 21:32:01,103,29.4,35.8
2026-07-15 21:32:11,104,29.4,35.8
2026-07-15 21:32:21,105,29.3,35.8
2026-07-15 21:32:31,106,29.4,35.8
2026-07-15 21:32:41,107,29.4,35.8
2026-07-15 21:32:51,108,29.4,35.8
2026-07-15 21:33:01,109,29.4,35.8
2026-07-15 21:33:11,110,29.4,35.9
2026-07-15 21:33:21,111,29.4,36.0
2026-07-15 21:33:31,112,29.4,35.9
2026-07-15 21:33:41,113,29.4,36.0
2026-07-15 21:33:51,114,29.4,36.0
2026-07-15 21:34:01,115,29.4,36.0
2026-07-15 21:34:11,116,29.4,35.9
2026-07-15 21:34:21,117,29.4,35.8
2026-07-15 21:34:33,118,29.4,35.9
2026-07-15 21:34:43,119,29.4,35.9
2026-07-15 21:34:53,120,29.4,36.4
2026-07-15 21:35:03,121,29.4,36.1
2026-07-15 21:35:13,122,29.5,36.0
2026-07-15 21:35:23,123,29.5,36.0
2026-07-15 21:35:33,124,29.5,36.0
2026-07-15 21:35:43,125,29.5,36.1
2026-07-15 21:35:53,126,29.5,36.1
2026-07-15 21:36:03,127,29.5,36.0
2026-07-15 21:36:13,128,29.5,36.0
2026-07-15 21:36:23,129,29.5,35.9
2026-07-15 21:36:33,130,29.5,35.9
2026-07-15 21:36:43,131,29.5,35.9
2026-07-15 21:36:53,132,29.5,35.8
2026-07-15 21:37:03,133,29.5,35.9
2026-07-15 21:37:13,134,29.5,35.9
2026-07-15 21:37:23,135,29.5,35.8
2026-07-15 21:37:33,136,29.5,35.8
2026-07-15 21:37:43,137,29.5,35.8
2026-07-15 21:37:53,138,29.5,35.8
2026-07-15 21:38:03,139,29.5,35.8
2026-07-15 21:38:13,140,29.5,35.8
2026-07-15 21:38:23,141,29.5,35.8
2026-07-15 21:38:33,142,29.5,35.8
2026-07-15 21:38:43,143,29.6,35.8
2026-07-15 21:38:53,144,29.6,35.8
2026-07-15 21:39:03,145,29.6,35.9
2026-07-15 21:39:13,146,29.6,35.9
2026-07-15 21:39:23,147,29.6,35.9
2026-07-15 21:39:33,148,29.6,35.9
2026-07-15 21:39:43,149,29.6,35.9
2026-07-15 21:39:53,150,29.6,35.8
2026-07-15 21:40:03,151,29.6,35.8
2026-07-15 21:40:13,152,29.6,35.8
2026-07-15 21:40:23,153,29.6,35.8
2026-07-15 21:40:33,154,29.6,35.8
2026-07-15 21:40:43,155,29.6,35.8
2026-07-15 21:40:53,156,29.6,35.8
2026-07-15 21:41:03,157,29.6,35.8
2026-07-15 21:41:13,158,29.6,35.9
2026-07-15 21:41:23,159,29.7,35.9
2026-07-15 21:41:33,160,29.7,35.8
2026-07-15 21:41:43,161,29.7,35.8
2026-07-15 21:41:53,162,29.7,35.9
2026-07-15 21:42:03,163,29.7,35.8
2026-07-15 21:42:13,164,29.7,35.8
2026-07-15 21:42:23,165,29.7,35.8
2026-07-15 21:42:33,166,29.7,35.8
2026-07-15 21:42:43,167,29.7,35.8
2026-07-15 21:42:53,168,29.7,35.8
2026-07-15 21:43:03,169,29.7,35.8
2026-07-15 21:43:13,170,29.7,35.8
2026-07-15 21:43:23,171,29.7,35.8
2026-07-15 21:43:33,172,29.8,35.7
2026-07-15 21:43:43,173,29.7,35.7
2026-07-15 21:43:53,174,29.7,35.7
2026-07-15 21:44:03,175,29.8,35.7
2026-07-15 21:44:13,176,29.8,35.7
2026-07-15 21:44:23,177,29.8,35.7
2026-07-15 21:44:33,178,29.8,35.7
2026-07-15 21:44:43,179,29.8,35.7
2026-07-15 21:44:53,180,29.8,35.7
2026-07-15 21:45:03,181,29.8,35.7
2026-07-15 21:45:13,182,29.8,35.7
2026-07-15 21:45:23,183,29.8,35.7
2026-07-15 21:45:33,184,29.8,35.7
2026-07-15 21:45:43,185,29.8,35.7
2026-07-15 21:45:53,186,29.8,35.8
2026-07-15 21:46:03,187,29.8,35.8
2026-07-15 21:46:13,188,29.8,35.8
2026-07-15 21:46:23,189,29.9,35.8
2026-07-15 21:46:33,190,29.9,35.8
2026-07-15 21:46:46,191,29.9,35.7
2026-07-15 21:46:56,192,29.9,35.8
2026-07-15 21:47:06,193,29.9,35.7
2026-07-15 21:47:16,194,29.9,35.7
2026-07-15 21:47:26,195,29.9,35.7
2026-07-15 21:47:36,196,29.9,35.7
2026-07-15 21:47:46,197,29.9,35.7
2026-07-15 21:47:58,198,29.9,35.7
2026-07-15 21:48:08,199,29.9,35.7
2026-07-15 21:48:18,200,30.0,35.7
2026-07-15 21:48:28,201,30.0,35.7
2026-07-15 21:48:38,202,30.0,35.7
2026-07-15 21:48:48,203,30.0,35.7
2026-07-15 21:48:58,204,30.0,35.7
2026-07-15 21:49:08,205,30.0,35.7
2026-07-15 21:49:18,206,30.0,35.7
2026-07-15 21:49:28,207,30.0,35.7
2026-07-15 21:49:38,208,30.0,35.7
2026-07-15 21:49:48,209,30.0,35.6
2026-07-15 21:49:58,210,30.0,35.7
2026-07-15 21:50:08,211,30.0,35.6
2026-07-15 21:50:18,212,30.0,35.6
2026-07-15 21:50:28,213,30.1,35.6
2026-07-15 21:50:38,214,30.1,35.6
2026-07-15 21:50:48,215,30.0,35.6
2026-07-15 21:50:58,216,30.1,35.6
2026-07-15 21:51:08,217,30.1,35.5
2026-07-15 21:51:18,218,30.0,35.5
2026-07-15 21:51:28,219,30.1,35.5
2026-07-15 21:51:38,220,30.1,35.5
2026-07-15 21:51:48,221,30.0,35.5
2026-07-15 21:51:58,222,30.0,35.5
2026-07-15 21:52:08,223,30.1,35.5
2026-07-15 21:52:18,224,30.1,35.5
2026-07-15 21:52:28,225,30.1,35.5
2026-07-15 21:52:38,226,30.0,35.4
2026-07-15 21:52:48,227,30.1,35.4
2026-07-15 21:52:58,228,30.1,35.5
2026-07-15 21:53:08,229,30.0,35.4
2026-07-15 21:53:18,230,30.1,35.4
2026-07-15 21:53:28,231,30.1,35.4
2026-07-15 21:53:38,232,30.0,35.4
2026-07-15 21:53:48,233,30.0,35.5
2026-07-15 21:53:58,234,30.0,35.5
2026-07-15 21:54:08,235,30.0,35.5
2026-07-15 21:54:18,236,30.0,35.5
2026-07-15 21:54:28,237,30.0,35.5
2026-07-15 21:54:38,238,30.0,35.5
2026-07-15 21:54:48,239,30.1,35.5
2026-07-15 21:54:58,240,30.0,35.5
2026-07-15 21:55:08,241,30.1,35.5
2026-07-15 21:55:18,242,30.1,35.5
2026-07-15 21:55:28,243,30.1,35.5
2026-07-15 21:55:38,244,30.1,35.5
2026-07-15 21:55:48,245,30.1,35.5
2026-07-15 21:56:00,246,30.1,35.5
2026-07-15 21:56:10,247,30.1,35.5
2026-07-15 21:56:20,248,30.1,35.5
2026-07-15 21:56:30,249,30.1,35.5
2026-07-15 21:56:40,250,30.1,35.5
2026-07-15 21:56:52,251,30.1,35.5
2026-07-15 21:57:02,252,30.2,35.5
2026-07-15 21:57:15,253,30.2,35.5
2026-07-15 21:57:25,254,30.2,35.4
2026-07-15 21:57:35,255,30.2,35.5
2026-07-15 21:57:45,256,30.2,35.5
2026-07-15 21:57:55,257,30.2,35.4
2026-07-15 21:58:05,258,30.2,35.4
2026-07-15 21:58:15,259,30.2,35.3
2026-07-15 21:58:25,260,30.2,35.4
2026-07-15 21:58:35,261,30.2,35.4
2026-07-15 21:58:45,262,30.2,35.4
2026-07-15 21:58:55,263,30.2,35.4
2026-07-15 21:59:05,264,30.2,35.4
2026-07-15 21:59:15,265,30.2,35.4
2026-07-15 21:59:25,266,30.2,35.4
2026-07-15 21:59:35,267,30.2,35.4
2026-07-15 21:59:45,268,30.2,35.4
2026-07-15 21:59:55,269,30.2,35.4
2026-07-15 22:00:05,270,30.2,35.3
2026-07-15 22:00:15,271,30.2,35.3
2026-07-15 22:00:25,272,30.2,35.3
2026-07-15 22:00:35,273,30.2,35.3
2026-07-15 22:00:45,274,30.2,35.3
2026-07-15 22:00:57,275,30.2,35.3
2026-07-15 22:01:07,276,30.2,35.3
2026-07-15 22:01:17,277,30.2,35.3
2026-07-15 22:01:27,278,30.2,35.3
2026-07-15 22:01:37,279,30.2,35.3
2026-07-15 22:01:47,280,30.2,35.3
2026-07-15 22:01:57,281,30.2,35.3
2026-07-15 22:02:07,282,30.2,35.3
2026-07-15 22:02:17,283,30.2,35.3
2026-07-15 22:02:27,284,30.2,35.3
2026-07-15 22:02:37,285,30.2,35.3
2026-07-15 22:02:47,286,30.2,35.3
2026-07-15 22:02:59,287,30.2,35.3
2026-07-15 22:03:09,288,30.2,35.3
2026-07-15 22:03:19,289,30.2,35.3
2026-07-15 22:03:29,290,30.1,35.3
2026-07-15 22:03:39,291,30.2,35.3
2026-07-15 22:03:49,292,30.1,35.3
2026-07-15 22:03:59,293,30.1,35.3
2026-07-15 22:04:09,294,30.1,35.3
2026-07-15 22:04:19,295,30.1,35.3
2026-07-15 22:04:29,296,30.1,35.4
2026-07-15 22:04:39,297,30.1,35.4
2026-07-15 22:04:49,298,30.1,35.4
2026-07-15 22:04:59,299,30.1,35.4
2026-07-15 22:05:09,300,30.1,35.3
2026-07-15 22:05:19,301,30.1,35.4
2026-07-15 22:05:29,302,30.1,35.4
2026-07-15 22:05:39,303,30.1,35.4
2026-07-15 22:05:49,304,30.1,35.4
2026-07-15 22:05:59,305,30.1,35.4
2026-07-15 22:06:09,306,30.1,35.4
2026-07-15 22:06:19,307,30.1,35.4
2026-07-15 22:06:29,308,30.1,35.4
2026-07-15 22:06:39,309,30.1,35.4
2026-07-15 22:06:49,310,30.1,35.4
2026-07-15 22:06:59,311,30.1,35.3
2026-07-15 22:07:09,312,30.1,35.4
2026-07-15 22:07:19,313,30.1,35.4
2026-07-15 22:07:29,314,30.1,35.4
2026-07-15 22:07:39,315,30.1,35.4
2026-07-15 22:07:49,316,30.1,35.4
2026-07-15 22:07:59,317,30.2,35.4
2026-07-15 22:08:09,318,30.2,35.4
2026-07-15 22:08:19,319,30.2,35.4
2026-07-15 22:08:29,320,30.2,35.4
2026-07-15 22:08:39,321,30.2,35.4
2026-07-15 22:08:49,322,30.2,35.4
2026-07-15 22:08:59,323,30.2,35.4
2026-07-15 22:09:09,324,30.2,35.4
2026-07-15 22:09:19,325,30.2,35.4
2026-07-15 22:09:29,326,30.2,35.4
2026-07-15 22:09:39,327,30.2,35.4
2026-07-15 22:09:49,328,30.2,35.4
2026-07-15 22:09:59,329,30.2,35.4
2026-07-15 22:10:09,330,30.2,35.4
2026-07-15 22:10:21,331,30.2,35.4
2026-07-15 22:10:31,332,30.2,35.4
2026-07-15 22:10:41,333,30.2,35.4
2026-07-15 22:10:51,334,30.3,35.4
2026-07-15 22:11:01,335,30.3,35.4
2026-07-15 22:11:11,336,30.3,35.4
2026-07-15 22:11:21,337,30.3,35.4
2026-07-15 22:11:31,338,30.3,35.4
2026-07-15 22:11:41,339,30.3,35.4
2026-07-15 22:11:51,340,30.3,35.4
2026-07-15 22:12:01,341,30.3,35.4
2026-07-15 22:12:11,342,30.3,35.4
2026-07-15 22:12:21,343,30.3,35.3
2026-07-15 22:12:31,344,30.3,35.4
2026-07-15 22:12:41,345,30.4,35.4
2026-07-15 22:12:51,346,30.4,35.3
2026-07-15 22:13:01,347,30.4,35.3
2026-07-15 22:13:11,348,30.4,35.3
2026-07-15 22:13:21,349,30.4,35.3
2026-07-15 22:13:31,350,30.4,35.3
2026-07-15 22:13:41,351,30.4,35.3
2026-07-15 22:13:51,352,30.4,35.3
2026-07-15 22:14:01,353,30.4,35.3
2026-07-15 22:14:11,354,30.4,35.3
2026-07-15 22:14:21,355,30.4,35.2
2026-07-15 22:14:31,356,30.5,35.3
2026-07-15 22:14:41,357,30.5,35.3
2026-07-15 22:14:51,358,30.4,35.3
2026-07-15 22:15:01,359,30.5,35.3
2026-07-15 22:15:11,360,30.5,35.3
2026-07-15 22:15:21,361,30.5,35.3
2026-07-15 22:15:31,362,30.5,35.3
2026-07-15 22:15:41,363,30.5,35.3
2026-07-15 22:15:51,364,30.5,35.3
2026-07-15 22:16:01,365,30.5,35.3
2026-07-15 22:16:11,366,30.5,35.3
2026-07-15 22:16:21,367,30.5,35.3
2026-07-15 22:16:31,368,30.5,35.3
2026-07-15 22:16:41,369,30.5,35.3
2026-07-15 22:16:51,370,30.5,35.3
2026-07-15 22:17:01,371,30.5,35.3
2026-07-15 22:17:11,372,30.5,35.3
2026-07-15 22:17:21,373,30.5,35.3
2026-07-15 22:17:31,374,30.6,35.4
2026-07-15 22:17:41,375,30.6,35.3
2026-07-15 22:17:51,376,30.6,35.3
2026-07-15 22:18:01,377,30.6,35.3
2026-07-15 22:18:11,378,30.6,35.3
2026-07-15 22:18:21,379,30.6,35.3
2026-07-15 22:18:31,380,30.6,35.3
2026-07-15 22:18:41,381,30.6,35.3
2026-07-15 22:18:51,382,30.6,35.3
2026-07-15 22:19:01,383,30.6,35.2
2026-07-15 22:19:11,384,30.7,35.2
2026-07-15 22:19:21,385,30.7,35.2
2026-07-15 22:19:31,386,30.7,35.2
2026-07-15 22:19:41,387,30.7,35.2
2026-07-15 22:19:51,388,30.7,35.1
2026-07-15 22:20:01,389,30.7,35.1
2026-07-15 22:20:11,390,30.7,35.2
2026-07-15 22:20:21,391,30.7,35.2
2026-07-15 22:20:31,392,30.6,35.2
2026-07-15 22:20:41,393,30.7,35.2
2026-07-15 22:20:51,394,30.7,35.2
2026-07-15 22:21:01,395,30.6,35.1
2026-07-15 22:21:11,396,30.7,35.1
2026-07-15 22:21:21,397,30.7,35.1
2026-07-15 22:21:31,398,30.7,35.1
2026-07-15 22:21:41,399,30.7,35.1
2026-07-15 22:21:51,400,30.7,35.1
2026-07-15 22:22:01,401,30.7,35.1
2026-07-15 22:22:11,402,30.7,35.1
2026-07-15 22:22:21,403,30.6,35.0
2026-07-15 22:22:31,404,30.7,35.1
2026-07-15 22:22:41,405,30.6,35.1
2026-07-15 22:22:51,406,30.7,35.1
2026-07-15 22:23:01,407,30.7,35.1
2026-07-15 22:23:11,408,30.7,35.1
2026-07-15 22:23:21,409,30.7,35.1
2026-07-15 22:23:31,410,30.7,35.1
2026-07-15 22:23:41,411,30.7,35.1
2026-07-15 22:23:51,412,30.7,35.1
2026-07-15 22:24:01,413,30.7,35.1
2026-07-15 22:24:11,414,30.7,35.1
2026-07-15 22:24:21,415,30.7,35.0
2026-07-15 22:24:31,416,30.7,35.1
2026-07-15 22:24:41,417,30.7,35.1
2026-07-15 22:24:51,418,30.7,35.0
2026-07-15 22:25:01,419,30.7,35.0
2026-07-15 22:25:11,420,30.7,35.0
2026-07-15 22:25:21,421,30.7,34.9
2026-07-15 22:25:31,422,30.7,34.9
2026-07-15 22:25:44,423,30.7,34.9
2026-07-15 22:25:54,424,30.7,34.9
2026-07-15 22:26:04,425,30.7,34.9
2026-07-15 22:26:14,426,30.7,34.9
2026-07-15 22:26:24,427,30.7,34.9
2026-07-15 22:26:34,428,30.7,35.0
2026-07-15 22:26:44,429,30.7,35.0
2026-07-15 22:26:54,430,30.7,35.0
2026-07-15 22:27:04,431,30.7,35.0
2026-07-15 22:27:14,432,30.7,35.0
2026-07-15 22:27:24,433,30.7,35.0
2026-07-15 22:27:34,434,30.7,35.0
2026-07-15 22:27:44,435,30.7,35.0
2026-07-15 22:27:54,436,30.7,35.0
2026-07-15 22:28:04,437,30.7,35.0
2026-07-15 22:28:14,438,30.8,35.0
2026-07-15 22:28:24,439,30.8,35.0
2026-07-15 22:28:34,440,30.8,35.0
2026-07-15 22:28:44,441,30.8,35.0
2026-07-15 22:28:54,442,30.8,35.0
2026-07-15 22:29:06,443,30.8,35.0
2026-07-15 22:29:16,444,30.8,35.0
2026-07-15 22:29:26,445,30.8,34.9
2026-07-15 22:29:36,446,30.8,34.9
2026-07-15 22:29:46,447,30.8,34.9
2026-07-15 22:29:56,448,30.8,34.9
2026-07-15 22:30:06,449,30.8,34.9
2026-07-15 22:30:16,450,30.8,34.9
2026-07-15 22:30:26,451,30.8,34.9
2026-07-15 22:30:36,452,30.8,34.9
2026-07-15 22:30:46,453,30.8,34.9
2026-07-15 22:30:56,454,30.8,34.8
2026-07-15 22:31:06,455,30.8,34.8
2026-07-15 22:31:16,456,30.8,34.8
2026-07-15 22:31:26,457,30.8,34.8
2026-07-15 22:31:36,458,30.8,34.8
2026-07-15 22:31:46,459,30.8,34.8
2026-07-15 22:31:56,460,30.9,34.8
2026-07-15 22:32:06,461,30.8,34.8
2026-07-15 22:32:16,462,30.8,34.8
2026-07-15 22:32:26,463,30.8,34.8
2026-07-15 22:32:36,464,30.8,34.8
2026-07-15 22:32:46,465,30.8,34.8
2026-07-15 22:32:56,466,30.8,34.8
2026-07-15 22:33:06,467,30.8,34.8
2026-07-15 22:33:16,468,30.8,34.8
2026-07-15 22:33:28,469,30.8,34.8
2026-07-15 22:33:38,470,30.8,34.7
2026-07-15 22:33:48,471,30.8,34.8
2026-07-15 22:33:58,472,30.8,34.8
2026-07-15 22:34:08,473,30.8,34.7
2026-07-15 22:34:18,474,30.8,34.8
2026-07-15 22:34:28,475,30.8,34.8
2026-07-15 22:34:38,476,30.8,34.7
2026-07-15 22:34:48,477,30.8,34.7
2026-07-15 22:34:58,478,30.8,34.8
2026-07-15 22:35:08,479,30.8,34.8
2026-07-15 22:35:18,480,30.8,34.7
2026-07-15 22:35:28,481,30.8,34.7
2026-07-15 22:35:38,482,30.8,34.7
2026-07-15 22:35:48,483,30.8,34.7
2026-07-15 22:35:58,484,30.8,34.7
2026-07-15 22:36:08,485,30.8,34.7
2026-07-15 22:36:18,486,30.8,34.7
2026-07-15 22:36:28,487,30.8,34.6
2026-07-15 22:36:38,488,30.8,34.7
2026-07-15 22:36:48,489,30.8,34.7
2026-07-15 22:36:58,490,30.8,34.6
2026-07-15 22:37:08,491,30.8,34.6
2026-07-15 22:37:21,492,30.7,34.6
2026-07-15 22:37:31,493,30.8,34.6
2026-07-15 22:37:41,494,30.7,34.7
2026-07-15 22:37:51,495,30.7,34.6
2026-07-15 22:38:01,496,30.7,34.6
2026-07-15 22:38:11,497,30.7,34.6
2026-07-15 22:38:21,498,30.7,34.6
2026-07-15 22:38:31,499,30.7,34.6
2026-07-15 22:38:41,500,30.7,34.6
2026-07-15 22:38:51,501,30.7,34.6
2026-07-15 22:39:01,502,30.7,34.6
2026-07-15 22:39:11,503,30.7,34.6
2026-07-15 22:39:21,504,30.7,34.6
2026-07-15 22:39:31,505,30.7,34.6
2026-07-15 22:39:41,506,30.7,34.6
2026-07-15 22:39:51,507,30.7,34.6
2026-07-15 22:40:01,508,30.7,34.6
2026-07-15 22:40:11,509,30.7,34.6
2026-07-15 22:40:21,510,30.7,34.6
2026-07-15 22:40:31,511,30.6,34.6
2026-07-15 22:40:41,512,30.7,34.6
2026-07-15 22:40:51,513,30.7,34.6
2026-07-15 22:41:01,514,30.7,34.6
2026-07-15 22:41:11,515,30.7,34.6
2026-07-15 22:41:21,516,30.7,34.6
2026-07-15 22:41:31,517,30.7,34.6
2026-07-15 22:41:41,518,30.7,34.6
2026-07-15 22:41:51,519,30.7,34.6
2026-07-15 22:42:01,520,30.7,34.6
2026-07-15 22:42:11,521,30.7,34.6
2026-07-15 22:42:21,522,30.7,34.6
2026-07-15 22:42:31,523,30.7,34.6
2026-07-15 22:42:41,524,30.7,34.6
2026-07-15 22:42:51,525,30.7,34.7
2026-07-15 22:43:01,526,30.7,34.7
2026-07-15 22:43:11,527,30.7,34.7
2026-07-15 22:43:21,528,30.7,34.7
2026-07-15 22:43:31,529,30.7,34.6
2026-07-15 22:43:41,530,30.7,34.6
2026-07-15 22:43:51,531,30.7,34.7
2026-07-15 22:44:01,532,30.7,34.7
2026-07-15 22:44:11,533,30.8,34.7
2026-07-15 22:44:21,534,30.8,34.6
2026-07-15 22:44:31,535,30.8,34.6
2026-07-15 22:44:41,536,30.8,34.6
2026-07-15 22:44:51,537,30.8,34.6
2026-07-15 22:45:01,538,30.8,34.7
2026-07-15 22:45:11,539,30.8,34.6
2026-07-15 22:45:21,540,30.8,34.7
2026-07-15 22:45:31,541,30.8,34.7
2026-07-15 22:45:41,542,30.8,34.7
2026-07-15 22:45:51,543,30.8,34.7
2026-07-15 22:46:01,544,30.8,34.7
2026-07-15 22:46:11,545,30.9,34.7
2026-07-15 22:46:21,546,30.9,34.7
2026-07-15 22:46:31,547,30.9,34.7
2026-07-15 22:46:41,548,30.9,34.7
2026-07-15 22:46:51,549,30.9,34.7
2026-07-15 22:47:01,550,30.9,34.8
2026-07-15 22:47:11,551,30.9,34.8
2026-07-15 22:47:21,552,30.9,34.8
2026-07-15 22:47:31,553,31.0,34.8
2026-07-15 22:47:41,554,31.0,34.8
2026-07-15 22:47:51,555,31.0,34.7
2026-07-15 22:48:01,556,31.0,34.7
2026-07-15 22:48:11,557,31.0,34.7
2026-07-15 22:48:21,558,31.0,34.6
2026-07-15 22:48:31,559,31.0,34.6
2026-07-15 22:48:41,560,31.0,34.6
2026-07-15 22:48:51,561,31.0,34.5
2026-07-15 22:49:01,562,31.0,34.5
2026-07-15 22:49:11,563,31.0,34.5
2026-07-15 22:49:21,564,31.0,34.5
2026-07-15 22:49:31,565,31.0,34.5
2026-07-15 22:49:41,566,31.1,34.5
2026-07-15 22:49:51,567,31.0,34.4
2026-07-15 22:50:01,568,31.0,34.4
2026-07-15 22:50:11,569,31.0,34.4
2026-07-15 22:50:21,570,31.0,34.4
2026-07-15 22:50:31,571,31.0,34.4
2026-07-15 22:50:41,572,31.0,34.4
2026-07-15 22:50:51,573,31.0,34.4
2026-07-15 22:51:01,574,31.0,34.4
2026-07-15 22:51:11,575,31.0,34.4
2026-07-15 22:51:21,576,31.0,34.4
2026-07-15 22:51:31,577,31.0,34.5
2026-07-15 22:51:41,578,31.0,34.5
2026-07-15 22:51:51,579,31.1,34.5
2026-07-15 22:52:01,580,31.0,34.4
2026-07-15 22:52:11,581,31.1,34.4
2026-07-15 22:52:21,582,31.0,34.4
2026-07-15 22:52:31,583,31.1,34.5
2026-07-15 22:52:41,584,31.1,34.5
2026-07-15 22:52:51,585,31.1,34.5
2026-07-15 22:53:01,586,31.1,34.5
2026-07-15 22:53:11,587,31.1,34.6
2026-07-15 22:53:21,588,31.1,34.6
2026-07-15 22:53:31,589,31.1,34.7
2026-07-15 22:53:41,590,31.1,34.6
2026-07-15 22:53:51,591,31.1,34.7
2026-07-15 22:54:01,592,31.1,34.6
2026-07-15 22:54:11,593,31.1,34.6
2026-07-15 22:54:21,594,31.1,34.6
2026-07-15 22:54:31,595,31.2,34.6
2026-07-15 22:54:41,596,31.2,34.6
2026-07-15 22:54:51,597,31.2,34.6
2026-07-15 22:55:01,598,31.2,34.7
2026-07-15 22:55:11,599,31.2,34.6
2026-07-15 22:55:21,600,31.2,34.5
2026-07-15 22:55:31,601,31.2,34.5
2026-07-15 22:55:41,602,31.2,34.5
2026-07-15 22:55:51,603,31.2,34.4
2026-07-15 22:56:01,604,31.2,34.4
2026-07-15 22:56:11,605,31.2,34.4
2026-07-15 22:56:21,606,31.2,34.4
2026-07-15 22:56:31,607,31.2,34.4
2026-07-15 22:56:41,608,31.2,34.4
2026-07-15 22:56:51,609,31.2,34.4
2026-07-15 22:57:01,610,31.2,34.4
2026-07-15 22:57:11,611,31.2,34.3
2026-07-15 22:57:21,612,31.2,34.3
2026-07-15 22:57:31,613,31.2,34.2
2026-07-15 22:57:41,614,31.2,34.3
2026-07-15 22:57:53,615,31.2,34.3
2026-07-15 22:58:03,616,31.2,34.3
2026-07-15 22:58:13,617,31.2,34.3
2026-07-15 22:58:23,618,31.2,34.3
2026-07-15 22:58:33,619,31.2,34.3
2026-07-15 22:58:43,620,31.2,34.2
2026-07-15 22:58:53,621,31.2,34.3
2026-07-15 22:59:03,622,31.2,34.3
2026-07-15 22:59:13,623,31.2,34.2
2026-07-15 22:59:23,624,31.2,34.2
2026-07-15 22:59:33,625,31.2,34.3
2026-07-15 22:59:45,626,31.2,34.2
2026-07-15 22:59:55,627,31.2,34.2
2026-07-15 23:00:05,628,31.2,34.2
2026-07-15 23:00:15,629,31.2,34.3
2026-07-15 23:00:25,630,31.2,34.2
2026-07-15 23:00:35,631,31.2,34.2
2026-07-15 23:00:45,632,31.2,34.2
2026-07-15 23:00:55,633,31.2,34.2
2026-07-15 23:01:05,634,31.2,34.2
2026-07-15 23:01:15,635,31.2,34.2
2026-07-15 23:01:27,636,31.3,34.2
2026-07-15 23:01:37,637,31.2,34.1
2026-07-15 23:01:47,638,31.3,34.1
2026-07-15 23:01:57,639,31.3,34.1
2026-07-15 23:02:07,640,31.3,34.1
2026-07-15 23:02:17,641,31.3,34.1
2026-07-15 23:02:27,642,31.3,34.1
2026-07-15 23:02:37,643,31.3,34.1
2026-07-15 23:02:47,644,31.2,34.1
2026-07-15 23:02:57,645,31.2,34.1
2026-07-15 23:03:07,646,31.3,34.1
2026-07-15 23:03:17,647,31.2,34.1
2026-07-15 23:03:27,648,31.3,34.1
2026-07-15 23:03:37,649,31.3,34.1
2026-07-15 23:03:50,650,31.3,34.1
2026-07-15 23:04:00,651,31.3,34.1
2026-07-15 23:04:10,652,31.3,34.1
2026-07-15 23:04:20,653,31.2,34.1
2026-07-15 23:04:30,654,31.3,34.1
2026-07-15 23:04:40,655,31.3,34.2
2026-07-15 23:04:50,656,31.3,34.3
2026-07-15 23:05:00,657,31.3,34.2
2026-07-15 23:05:10,658,31.3,34.2
2026-07-15 23:05:20,659,31.3,34.2
2026-07-15 23:05:30,660,31.3,34.2
2026-07-15 23:05:40,661,31.3,34.2
2026-07-15 23:05:50,662,31.3,34.1
2026-07-15 23:06:00,663,31.3,34.2
2026-07-15 23:06:10,664,31.3,34.2
2026-07-15 23:06:20,665,31.3,34.2
2026-07-15 23:06:30,666,31.3,34.2
2026-07-15 23:06:42,667,31.3,34.1
2026-07-15 23:06:52,668,31.3,34.1
2026-07-15 23:07:02,669,31.3,34.1
2026-07-15 23:07:12,670,31.3,34.1
2026-07-15 23:07:22,671,31.3,34.0
2026-07-15 23:07:32,672,31.3,34.0
2026-07-15 23:07:42,673,31.3,34.0
2026-07-15 23:07:52,674,31.3,34.0
2026-07-15 23:08:02,675,31.3,34.0
2026-07-15 23:08:12,676,31.3,34.0
2026-07-15 23:08:22,677,31.3,34.0
2026-07-15 23:08:34,678,31.3,34.0
2026-07-15 23:08:44,679,31.3,34.0
2026-07-15 23:08:54,680,31.3,34.0
2026-07-15 23:09:04,681,31.3,34.0
2026-07-15 23:09:14,682,31.3,34.0
2026-07-15 23:09:24,683,31.3,34.0
2026-07-15 23:09:34,684,31.3,33.9
2026-07-15 23:09:44,685,31.3,34.0
2026-07-15 23:09:54,686,31.3,33.9
2026-07-15 23:10:04,687,31.3,33.9
2026-07-15 23:10:14,688,31.3,33.9
2026-07-15 23:10:24,689,31.3,33.9
2026-07-15 23:10:34,690,31.3,33.9
2026-07-15 23:10:44,691,31.3,33.9
2026-07-15 23:10:54,692,31.3,33.9
2026-07-15 23:11:04,693,31.2,33.9
2026-07-15 23:11:14,694,31.3,33.8
2026-07-15 23:11:24,695,31.2,33.9
2026-07-15 23:11:34,696,31.3,33.9
2026-07-15 23:11:44,697,31.2,33.9
2026-07-15 23:11:54,698,31.2,33.9
2026-07-15 23:12:04,699,31.2,33.9
2026-07-15 23:12:14,700,31.3,33.9
2026-07-15 23:12:24,701,31.2,33.9
2026-07-15 23:12:34,702,31.3,33.9
2026-07-15 23:12:44,703,31.3,33.9
2026-07-15 23:12:54,704,31.2,33.9
2026-07-15 23:13:04,705,31.2,33.9
2026-07-15 23:13:16,706,31.2,33.9
2026-07-15 23:13:26,707,31.3,33.8
2026-07-15 23:13:36,708,31.2,33.9
2026-07-15 23:13:46,709,31.2,33.9
2026-07-15 23:13:56,710,31.2,33.9
2026-07-15 23:14:06,711,31.2,34.0
2026-07-15 23:14:16,712,31.2,34.0
2026-07-15 23:14:26,713,31.3,34.0
2026-07-15 23:14:36,714,31.3,34.0
2026-07-15 23:14:49,715,31.3,33.9
2026-07-15 23:14:59,716,31.3,34.0
2026-07-15 23:15:09,717,31.3,34.0
2026-07-15 23:15:19,718,31.3,33.9
2026-07-15 23:15:29,719,31.3,33.9
2026-07-15 23:15:39,720,31.3,33.9
2026-07-15 23:15:49,721,31.3,33.9
2026-07-15 23:15:59,722,31.3,33.9
2026-07-15 23:16:09,723,31.3,33.9
2026-07-15 23:16:19,724,31.3,33.9
2026-07-15 23:16:29,725,31.3,33.9
2026-07-15 23:16:39,726,31.3,33.9
2026-07-15 23:16:49,727,31.3,33.9
2026-07-15 23:16:59,728,31.3,33.9
2026-07-15 23:17:09,729,31.3,33.9
2026-07-15 23:17:19,730,31.3,33.9
2026-07-15 23:17:29,731,31.3,33.9
2026-07-15 23:17:39,732,31.3,33.9
2026-07-15 23:17:49,733,31.3,33.8
2026-07-15 23:17:59,734,31.3,33.8
2026-07-15 23:18:09,735,31.3,33.9
2026-07-15 23:18:19,736,31.3,33.8
2026-07-15 23:18:29,737,31.3,33.8
2026-07-15 23:18:39,738,31.3,33.8
2026-07-15 23:18:49,739,31.3,33.8
2026-07-15 23:18:59,740,31.3,33.8
2026-07-15 23:19:09,741,31.3,33.9
2026-07-15 23:19:19,742,31.3,33.9
2026-07-15 23:19:29,743,31.3,33.9
2026-07-15 23:19:39,744,31.3,33.9
2026-07-15 23:19:49,745,31.3,33.9
2026-07-15 23:19:59,746,31.3,33.9
2026-07-15 23:20:09,747,31.3,33.9
2026-07-15 23:20:19,748,31.3,33.9
2026-07-15 23:20:29,749,31.3,33.8
2026-07-15 23:20:39,750,31.3,33.9
2026-07-15 23:20:49,751,31.3,33.8
2026-07-15 23:20:59,752,31.3,33.9
2026-07-15 23:21:09,753,31.3,33.9
2026-07-15 23:21:19,754,31.3,33.9
2026-07-15 23:21:29,755,31.3,33.9
2026-07-15 23:21:39,756,31.3,33.9
2026-07-15 23:21:49,757,31.3,33.8
2026-07-15 23:21:59,758,31.4,33.9
2026-07-15 23:22:09,759,31.4,33.9
2026-07-15 23:22:19,760,31.3,33.9
2026-07-15 23:22:29,761,31.4,33.9
2026-07-15 23:22:39,762,31.4,33.9
2026-07-15 23:22:49,763,31.4,33.9
2026-07-15 23:22:59,764,31.4,33.9
2026-07-15 23:23:09,765,31.4,33.9
2026-07-15 23:23:19,766,31.4,33.9
2026-07-15 23:23:29,767,31.4,33.8
2026-07-15 23:23:39,768,31.4,33.8
2026-07-15 23:23:49,769,31.4,33.8
2026-07-15 23:23:59,770,31.4,33.8
2026-07-15 23:24:09,771,31.4,33.8
2026-07-15 23:24:19,772,31.4,33.8
2026-07-15 23:24:29,773,31.5,33.8
2026-07-15 23:24:39,774,31.5,33.8
2026-07-15 23:24:49,775,31.5,33.8
2026-07-15 23:24:59,776,31.5,33.8
2026-07-15 23:25:09,777,31.5,33.8
2026-07-15 23:25:19,778,31.5,33.8
2026-07-15 23:25:29,779,31.5,33.8
2026-07-15 23:25:39,780,31.5,33.7
2026-07-15 23:25:49,781,31.5,33.7
2026-07-15 23:25:59,782,31.5,33.7
2026-07-15 23:26:09,783,31.5,33.7
2026-07-15 23:26:19,784,31.5,33.7
2026-07-15 23:26:29,785,31.6,33.7
2026-07-15 23:26:39,786,31.5,33.7
2026-07-15 23:26:49,787,31.6,33.6
2026-07-15 23:26:59,788,31.6,33.6
2026-07-15 23:27:09,789,31.5,33.6
2026-07-15 23:27:19,790,31.5,33.6
2026-07-15 23:27:29,791,31.5,33.6
2026-07-15 23:27:39,792,31.5,33.6
2026-07-15 23:27:49,793,31.5,33.6
2026-07-15 23:27:59,794,31.5,33.6
2026-07-15 23:28:09,795,31.5,33.6
2026-07-15 23:28:19,796,31.5,33.6
2026-07-15 23:28:29,797,31.5,33.6
2026-07-15 23:28:39,798,31.5,33.6
2026-07-15 23:28:49,799,31.5,33.6
2026-07-15 23:28:59,800,31.5,33.6
2026-07-15 23:29:09,801,31.5,33.6
2026-07-15 23:29:19,802,31.5,33.7
2026-07-15 23:29:29,803,31.5,33.6
2026-07-15 23:29:39,804,31.5,33.6
2026-07-15 23:29:49,805,31.5,33.6
2026-07-15 23:29:59,806,31.5,33.7
2026-07-15 23:30:09,807,31.5,33.6
2026-07-15 23:30:19,808,31.5,33.6
2026-07-15 23:30:29,809,31.5,33.6
2026-07-15 23:30:39,810,31.5,33.6
2026-07-15 23:30:49,811,31.5,33.6
2026-07-15 23:30:59,812,31.5,33.6
2026-07-15 23:31:09,813,31.5,33.6
2026-07-15 23:31:19,814,31.5,33.6
2026-07-15 23:31:29,815,31.5,33.6
2026-07-15 23:31:39,816,31.5,33.6
2026-07-15 23:31:49,817,31.5,33.6
2026-07-15 23:31:59,818,31.5,33.6
2026-07-15 23:32:09,819,31.5,33.6
2026-07-15 23:32:19,820,31.5,33.6
2026-07-15 23:32:29,821,31.5,33.7
2026-07-15 23:32:39,822,31.5,33.6
2026-07-15 23:32:49,823,31.5,33.6
2026-07-15 23:32:59,824,31.5,33.6
2026-07-15 23:33:09,825,31.5,33.6
2026-07-15 23:33:19,826,31.5,33.6
2026-07-15 23:33:29,827,31.5,33.6
2026-07-15 23:33:39,828,31.5,33.6
2026-07-15 23:33:49,829,31.5,33.6
2026-07-15 23:33:59,830,31.5,33.6
2026-07-15 23:34:09,831,31.5,33.6
2026-07-15 23:34:19,832,31.5,33.6
2026-07-15 23:34:29,833,31.5,33.6
2026-07-15 23:34:39,834,31.5,33.6
2026-07-15 23:34:49,835,31.5,33.6
2026-07-15 23:34:59,836,31.5,33.6
2026-07-15 23:35:09,837,31.5,33.6
2026-07-15 23:35:19,838,31.5,33.6
2026-07-15 23:35:29,839,31.5,33.6
2026-07-15 23:35:39,840,31.5,33.6
2026-07-15 23:35:49,841,31.5,33.6
2026-07-15 23:35:59,842,31.5,33.6
2026-07-15 23:36:09,843,31.4,33.6
2026-07-15 23:36:19,844,31.5,33.6
2026-07-15 23:36:29,845,31.5,33.6
2026-07-15 23:36:39,846,31.4,33.6
2026-07-15 23:36:49,847,31.4,33.6
2026-07-15 23:36:59,848,31.4,33.6
2026-07-15 23:37:09,849,31.4,33.6
2026-07-15 23:37:19,850,31.4,33.6
2026-07-15 23:37:29,851,31.4,33.6
2026-07-15 23:37:39,852,31.4,33.6
2026-07-15 23:37:49,853,31.4,33.6
2026-07-15 23:37:59,854,31.4,33.6
2026-07-15 23:38:09,855,31.4,33.6
2026-07-15 23:38:19,856,31.4,33.6
2026-07-15 23:38:29,857,31.4,33.6
2026-07-15 23:38:39,858,31.4,33.6
2026-07-15 23:38:49,859,31.4,33.6
2026-07-15 23:38:59,860,31.4,33.6
2026-07-15 23:39:09,861,31.4,33.6
2026-07-15 23:39:19,862,31.4,33.6
2026-07-15 23:39:29,863,31.4,33.6
2026-07-15 23:39:39,864,31.4,33.6
2026-07-15 23:39:49,865,31.4,33.6
2026-07-15 23:39:59,866,31.4,33.6
2026-07-15 23:40:09,867,31.4,33.5
2026-07-15 23:40:19,868,31.4,33.6
2026-07-15 23:40:29,869,31.4,33.5
2026-07-15 23:40:39,870,31.4,33.6
2026-07-15 23:40:49,871,31.4,33.6
2026-07-15 23:40:59,872,31.4,33.5
2026-07-15 23:41:09,873,31.4,33.5
2026-07-15 23:41:19,874,31.4,33.6
2026-07-15 23:41:29,875,31.4,33.6
2026-07-15 23:41:39,876,31.4,33.6
2026-07-15 23:41:49,877,31.4,33.6
2026-07-15 23:41:59,878,31.4,33.6
2026-07-15 23:42:09,879,31.4,33.6
2026-07-15 23:42:19,880,31.4,33.5
2026-07-15 23:42:29,881,31.4,33.6
2026-07-15 23:42:39,882,31.4,33.6
2026-07-15 23:42:49,883,31.4,33.6
2026-07-15 23:42:59,884,31.4,33.5
2026-07-15 23:43:09,885,31.4,33.5
2026-07-15 23:43:19,886,31.4,33.6
2026-07-15 23:43:29,887,31.4,33.6
2026-07-15 23:43:41,888,31.4,33.6
2026-07-15 23:43:51,889,31.4,33.6
2026-07-15 23:44:01,890,31.4,33.6
2026-07-15 23:44:11,891,31.4,33.6
2026-07-15 23:44:21,892,31.4,33.5
2026-07-15 23:44:31,893,31.4,33.6
2026-07-15 23:44:41,894,31.4,33.5
2026-07-15 23:44:51,895,31.4,33.6
2026-07-15 23:45:01,896,31.4,33.5
2026-07-15 23:45:13,897,31.4,33.6
2026-07-15 23:45:23,898,31.4,33.5
2026-07-15 23:45:33,899,31.4,33.6
2026-07-15 23:45:43,900,31.4,33.6
2026-07-15 23:45:53,901,31.4,33.6
2026-07-15 23:46:03,902,31.4,33.5
2026-07-15 23:46:13,903,31.4,33.6
2026-07-15 23:46:23,904,31.4,33.6
2026-07-15 23:46:33,905,31.4,33.6
2026-07-15 23:46:43,906,31.4,33.6
2026-07-15 23:46:53,907,31.4,33.6
2026-07-15 23:47:03,908,31.4,33.5
2026-07-15 23:47:13,909,31.4,33.5
2026-07-15 23:47:23,910,31.4,33.5
2026-07-15 23:47:33,911,31.4,33.6
2026-07-15 23:47:43,912,31.4,33.6
2026-07-15 23:47:53,913,31.4,33.6
2026-07-15 23:48:03,914,31.4,33.6
2026-07-15 23:48:13,915,31.4,33.6
2026-07-15 23:48:23,916,31.3,33.5
2026-07-15 23:48:33,917,31.4,33.6
2026-07-15 23:48:43,918,31.4,33.5
2026-07-15 23:48:53,919,31.4,33.6
2026-07-15 23:49:03,920,31.4,33.5
2026-07-15 23:49:13,921,31.3,33.5
2026-07-15 23:49:23,922,31.4,33.5
2026-07-15 23:49:33,923,31.4,33.6
2026-07-15 23:49:43,924,31.4,33.6
2026-07-15 23:49:53,925,31.4,33.6
2026-07-15 23:50:03,926,31.4,33.6
2026-07-15 23:50:13,927,31.4,33.6
2026-07-15 23:50:23,928,31.4,33.6
2026-07-15 23:50:33,929,31.4,33.5
2026-07-15 23:50:43,930,31.4,33.5
2026-07-15 23:50:53,931,31.4,33.5
2026-07-15 23:51:03,932,31.4,33.5
2026-07-15 23:51:13,933,31.4,33.5
2026-07-15 23:51:23,934,31.4,33.5
2026-07-15 23:51:33,935,31.4,33.5
2026-07-15 23:51:45,936,31.4,33.6
2026-07-15 23:51:55,937,31.4,33.5
2026-07-15 23:52:05,938,31.4,33.5
2026-07-15 23:52:15,939,31.4,33.5
2026-07-15 23:52:25,940,31.4,33.5
2026-07-15 23:52:35,941,31.4,33.5
2026-07-15 23:52:45,942,31.4,33.5
2026-07-15 23:52:55,943,31.4,33.5
2026-07-15 23:53:05,944,31.4,33.5
2026-07-15 23:53:15,945,31.4,33.5
2026-07-15 23:53:25,946,31.4,33.5
2026-07-15 23:53:35,947,31.4,33.6
2026-07-15 23:53:45,948,31.4,33.6
2026-07-15 23:53:55,949,31.4,33.6
2026-07-15 23:54:05,950,31.4,33.7
2026-07-15 23:54:15,951,31.4,33.6
2026-07-15 23:54:25,952,31.4,33.7
2026-07-15 23:54:35,953,31.4,33.7
2026-07-15 23:54:45,954,31.5,33.7
2026-07-15 23:54:55,955,31.5,33.7
2026-07-15 23:55:05,956,31.5,33.7
2026-07-15 23:55:15,957,31.5,33.7
2026-07-15 23:55:25,958,31.5,33.7
2026-07-15 23:55:35,959,31.5,33.7
2026-07-15 23:55:45,960,31.5,33.7
2026-07-15 23:55:55,961,31.5,33.7
2026-07-15 23:56:05,962,31.6,33.7
2026-07-15 23:56:15,963,31.5,33.7
2026-07-15 23:56:25,964,31.6,33.7
2026-07-15 23:56:35,965,31.6,33.8
2026-07-15 23:56:48,966,31.6,33.7
2026-07-15 23:56:58,967,31.6,33.7
2026-07-15 23:57:10,968,31.6,33.7
2026-07-15 23:57:20,969,31.6,33.7
2026-07-15 23:57:30,970,31.6,33.7
2026-07-15 23:57:40,971,31.6,33.7
2026-07-15 23:57:50,972,31.6,33.7
2026-07-15 23:58:00,973,31.6,33.6
2026-07-15 23:58:10,974,31.6,33.7
2026-07-15 23:58:20,975,31.6,33.7
2026-07-15 23:58:30,976,31.6,33.7
2026-07-15 23:58:40,977,31.7,33.7
2026-07-15 23:58:50,978,31.7,33.7
2026-07-15 23:59:00,979,31.7,33.7
2026-07-15 23:59:10,980,31.7,33.8
2026-07-15 23:59:20,981,31.7,33.7
2026-07-15 23:59:30,982,31.7,33.7
2026-07-15 23:59:40,983,31.7,33.7
2026-07-15 23:59:50,984,31.7,33.7
2026-07-16 00:00:00,985,31.7,33.7
2026-07-16 00:00:10,986,31.7,33.7
2026-07-16 00:00:20,987,31.7,33.7
2026-07-16 00:00:30,988,31.7,33.7
2026-07-16 00:00:40,989,31.7,33.6
2026-07-16 00:00:50,990,31.7,33.7
2026-07-16 00:01:00,991,31.7,33.6
2026-07-16 00:01:10,992,31.7,33.6
2026-07-16 00:01:20,993,31.7,33.6
2026-07-16 00:01:30,994,31.7,33.6
2026-07-16 00:01:40,995,31.7,33.6
2026-07-16 00:01:50,996,31.7,33.6
2026-07-16 00:02:00,997,31.7,33.6
2026-07-16 00:02:10,998,31.7,33.6
2026-07-16 00:02:20,999,31.7,33.6
2026-07-16 00:02:30,1000,31.7,33.6
2026-07-16 00:02:40,1001,31.7,33.6
2026-07-16 00:02:50,1002,31.7,33.6
2026-07-16 00:03:00,1003,31.7,33.7
2026-07-16 00:03:10,1004,31.7,33.7
2026-07-16 00:03:20,1005,31.7,33.6
2026-07-16 00:03:30,1006,31.7,33.6
2026-07-16 00:03:40,1007,31.7,33.7
2026-07-16 00:03:50,1008,31.7,33.6
2026-07-16 00:04:00,1009,31.7,33.7
2026-07-16 00:04:10,1010,31.7,33.7
2026-07-16 00:04:20,1011,31.7,33.7
2026-07-16 00:04:32,1012,31.7,33.6
2026-07-16 00:04:42,1013,31.7,33.6
2026-07-16 00:04:52,1014,31.7,33.6
2026-07-16 00:05:02,1015,31.7,33.6
2026-07-16 00:05:12,1016,31.7,33.5
2026-07-16 00:05:22,1017,31.7,33.5
2026-07-16 00:05:32,1018,31.7,33.5
2026-07-16 00:05:42,1019,31.7,33.5
2026-07-16 00:05:52,1020,31.7,33.6
2026-07-16 00:06:02,1021,31.7,33.5
2026-07-16 00:06:12,1022,31.7,33.5
2026-07-16 00:06:22,1023,31.7,33.6
2026-07-16 00:06:32,1024,31.7,33.6
2026-07-16 00:06:42,1025,31.7,33.6
2026-07-16 00:06:52,1026,31.7,33.6
2026-07-16 00:07:02,1027,31.7,33.6
2026-07-16 00:07:12,1028,31.7,33.6
2026-07-16 00:07:22,1029,31.7,33.7
2026-07-16 00:07:32,1030,31.7,33.7
2026-07-16 00:07:42,1031,31.7,33.7
2026-07-16 00:07:52,1032,31.7,33.7
2026-07-16 00:08:02,1033,31.7,33.7
2026-07-16 00:08:12,1034,31.7,33.7
2026-07-16 00:08:22,1035,31.8,33.6
2026-07-16 00:08:32,1036,31.8,33.6
2026-07-16 00:08:42,1037,31.8,33.6
2026-07-16 00:08:52,1038,31.8,33.6
2026-07-16 00:09:02,1039,31.8,33.6
2026-07-16 00:09:12,1040,31.8,33.6
2026-07-16 00:09:22,1041,31.8,33.6
2026-07-16 00:09:32,1042,31.8,33.6
2026-07-16 00:09:42,1043,31.8,33.5
2026-07-16 00:09:52,1044,31.8,33.5
2026-07-16 00:10:02,1045,31.8,33.6
2026-07-16 00:10:12,1046,31.8,33.5
2026-07-16 00:10:22,1047,31.8,33.6
2026-07-16 00:10:32,1048,31.8,33.5
2026-07-16 00:10:42,1049,31.8,33.5
2026-07-16 00:10:52,1050,31.8,33.5
2026-07-16 00:11:02,1051,31.8,33.5
2026-07-16 00:11:12,1052,31.8,33.4
2026-07-16 00:11:22,1053,31.8,33.4
2026-07-16 00:11:32,1054,31.8,33.4
2026-07-16 00:11:42,1055,31.8,33.4
2026-07-16 00:11:52,1056,31.8,33.4
2026-07-16 00:12:02,1057,31.7,33.3
2026-07-16 00:12:12,1058,31.7,33.4
2026-07-16 00:12:22,1059,31.7,33.3
2026-07-16 00:12:32,1060,31.7,33.3
2026-07-16 00:12:42,1061,31.7,33.4
2026-07-16 00:12:52,1062,31.7,33.3
2026-07-16 00:13:02,1063,31.7,33.3
2026-07-16 00:13:12,1064,31.7,33.4
2026-07-16 00:13:22,1065,31.7,33.3
2026-07-16 00:13:32,1066,31.7,33.4
2026-07-16 00:13:42,1067,31.7,33.3
2026-07-16 00:13:52,1068,31.7,33.3
2026-07-16 00:14:02,1069,31.7,33.3
2026-07-16 00:14:12,1070,31.7,33.3
2026-07-16 00:14:27,1071,31.7,33.3
2026-07-16 00:14:37,1072,31.7,33.3
2026-07-16 00:14:47,1073,31.7,33.3
2026-07-16 00:14:57,1074,31.7,33.3
2026-07-16 00:15:07,1075,31.7,33.3
2026-07-16 00:15:17,1076,31.7,33.3
2026-07-16 00:15:27,1077,31.6,33.3
